timestamp,iso_date,strategy,submode,action,confidence,price_y,stake,base_balance,result,settled_balance,duration_sec,reason
1789059070095,2026-09-10T11:51:10,AUTO_ADAPTIVE,CONSERVATIVE,SELL,1.00,1265.00,1.00,44961812.48,LOSS,44961812.48,63,"SIN ACREDITACIÓN TRAS 62s (Diff=0.0 -> Pérdida)"
1789059603561,2026-09-10T12:00:03,AUTO_ADAPTIVE,CONSERVATIVE,SELL,1.00,1084.33,2.00,44961812.48,LOSS,44961812.48,62,"SIN ACREDITACIÓN TRAS 62s (Diff=0.0 -> Pérdida)"
1789063544031,2026-09-10T13:05:44,AUTO_ADAPTIVE,CONSERVATIVE,SELL,1.00,857.17,1.00,44961812.48,LOSS,44861808.64,62,"SALDO (-) Pérdida debitada por Binomo: Diff=-100003.83999999613 COP"
1789063863327,2026-09-10T13:11:03,AUTO_ADAPTIVE,CONSERVATIVE,BUY,1.00,792.50,2.00,44861808.64,WIN,44943810.56,62,"SALDO (+) Ganancia acreditada por Binomo: Diff=+82001.92000000179 COP"
1789076998828,2026-09-10T16:49:58,AUTO_ADAPTIVE,YOLO,SELL,1.00,1302.75,1.00,44943810.56,LOSS,44843811.84,62,"SALDO (-) Pérdida debitada por Binomo: Diff=-99998.71999999881 COP"
1789077243293,2026-09-10T16:54:03,AUTO_ADAPTIVE,YOLO,SELL,1.00,1552.50,2.00,45025812.48,TIE,45025812.48,60,"ORDEN NO PROCESADA (Diff=0.0 -> Saldo inalterado)"
1789077482877,2026-09-10T16:58:02,AUTO_ADAPTIVE,YOLO,SELL,1.00,1173.00,2.00,44925808.64,TIE,44925808.64,63,"ORDEN NO PROCESADA (Diff=0.0 -> Saldo inalterado)"
1789077603692,2026-09-10T17:00:03,AUTO_ADAPTIVE,YOLO,SELL,1.00,1825.00,2.00,44925808.64,TIE,44925808.64,61,"ORDEN NO PROCESADA (Diff=0.0 -> Saldo inalterado)"
1789077902182,2026-09-10T17:05:02,AUTO_ADAPTIVE,YOLO,BUY,1.00,1700.50,2.00,44925808.64,TIE,44925808.64,59,"ORDEN NO PROCESADA (Diff=0.0 -> Saldo inalterado)"
1789078019848,2026-09-10T17:06:59,AUTO_ADAPTIVE,YOLO,BUY,1.00,1489.00,2.00,44925808.64,TIE,44925808.64,62,"ORDEN NO PROCESADA (Diff=0.0 -> Saldo inalterado)"
1789080242967,2026-09-10T17:44:02,AUTO_ADAPTIVE,YOLO,SELL,1.00,1731.00,1.00,44925808.64,LOSS,44825809.92,62,"SALDO (-) Pérdida debitada por Binomo: Diff=-99998.71999999881 COP"
1789080422615,2026-09-10T17:47:02,AUTO_ADAPTIVE,YOLO,SELL,1.00,1592.75,2.00,44825809.92,WIN,44907811.84,59,"SALDO (+) Ganancia acreditada por Binomo: Diff=+82001.92000000179 COP"
1789080600323,2026-09-10T17:50:00,AUTO_ADAPTIVE,YOLO,SELL,1.00,1682.00,1.00,1.00,WIN,44907811.84,63,"SALDO (+) Ganancia acreditada por Binomo: Diff=+4.490781084E7 COP"
1789080842694,2026-09-10T17:54:02,AUTO_ADAPTIVE,YOLO,SELL,1.00,1638.50,1.00,44907811.84,WIN,44989808.64,54,"SALDO (+) Ganancia acreditada por Binomo: Diff=+81996.79999999702 COP"
1789081023693,2026-09-10T17:57:03,AUTO_ADAPTIVE,YOLO,SELL,1.00,1731.00,1.00,44989808.64,LOSS,44889809.92,60,"SALDO (-) Pérdida debitada por Binomo: Diff=-99998.71999999881 COP"
1789081143680,2026-09-10T17:59:03,AUTO_ADAPTIVE,YOLO,BUY,1.00,1597.00,2.00,44889809.92,WIN,44971811.84,61,"SALDO (+) Ganancia acreditada por Binomo: Diff=+82001.92000000179 COP"
1789081323498,2026-09-10T18:02:03,AUTO_ADAPTIVE,YOLO,BUY,1.00,1471.50,1.00,44971811.84,WIN,45053808.64,59,"SALDO (+) Ganancia acreditada por Binomo: Diff=+81996.79999999702 COP"
1789082758844,2026-09-10T18:25:58,AUTO_ADAPTIVE,YOLO,BUY,1.00,1019.50,1.00,45053808.64,LOSS,44953809.92,62,"SALDO (-) Pérdida debitada por Binomo: Diff=-99998.71999999881 COP"
1789083183557,2026-09-10T18:33:03,AUTO_ADAPTIVE,YOLO,BUY,1.00,952.00,2.00,44953809.92,LOSS,44853811.20,62,"SALDO (-) Pérdida debitada por Binomo: Diff=-99998.71999999881 COP"
1789083479200,2026-09-10T18:37:59,AUTO_ADAPTIVE,YOLO,SELL,1.00,1220.00,2.00,44853811.20,LOSS,44753812.48,62,"SALDO (-) Pérdida debitada por Binomo: Diff=-99998.72000000626 COP"
1789083783004,2026-09-10T18:43:03,AUTO_ADAPTIVE,YOLO,SELL,1.00,1147.00,2.00,44753812.48,LOSS,44653808.64,61,"SALDO (-) Pérdida debitada por Binomo: Diff=-100003.83999999613 COP"
1789084082230,2026-09-10T18:48:02,AUTO_ADAPTIVE,YOLO,SELL,1.00,1237.50,2.00,44653808.64,LOSS,44553809.92,59,"SALDO (-) Pérdida debitada por Binomo: Diff=-99998.71999999881 COP"
1789084623410,2026-09-10T18:57:03,AUTO_ADAPTIVE,YOLO,SELL,1.00,1612.00,2.00,44553809.92,LOSS,44453811.20,61,"SALDO (-) Pérdida debitada por Binomo: Diff=-99998.71999999881 COP"
1789084862470,2026-09-10T19:01:02,AUTO_ADAPTIVE,YOLO,SELL,1.00,1420.50,2.00,44453811.20,LOSS,44353812.48,57,"SALDO (-) Pérdida debitada por Binomo: Diff=-99998.72000000626 COP"
1789085222601,2026-09-10T19:07:02,AUTO_ADAPTIVE,YOLO,BUY,1.00,1515.00,2.00,44353812.48,WIN,44436807.68,58,"SALDO (+) Ganancia acreditada por Binomo: Diff=+82995.20000000298 COP"
1789085402132,2026-09-10T19:10:02,AUTO_ADAPTIVE,YOLO,BUY,1.00,1396.50,1.00,44436807.68,WIN,44519808.00,61,"SALDO (+) Ganancia acreditada por Binomo: Diff=+83000.3200000003 COP"
1789085642357,2026-09-10T19:14:02,AUTO_ADAPTIVE,YOLO,BUY,1.00,1247.00,1.00,44519808.00,LOSS,44419809.28,56,"SALDO (-) Pérdida debitada por Binomo: Diff=-99998.71999999881 COP"
1789086303472,2026-09-10T19:25:03,AUTO_ADAPTIVE,YOLO,SELL,1.00,1626.20,2.00,44419809.28,LOSS,44319810.56,61,"SALDO (-) Pérdida debitada por Binomo: Diff=-99998.71999999881 COP"
1789086663182,2026-09-10T19:31:03,AUTO_ADAPTIVE,YOLO,BUY,1.00,1461.50,2.00,44319810.56,LOSS,44219811.84,61,"SALDO (-) Pérdida debitada por Binomo: Diff=-99998.71999999881 COP"
1789087079384,2026-09-10T19:37:59,AUTO_ADAPTIVE,YOLO,SELL,1.00,1602.50,2.00,44219811.84,LOSS,44119808.00,62,"SALDO (-) Pérdida debitada por Binomo: Diff=-100003.84000000358 COP"
1789088223007,2026-09-10T19:57:03,AUTO_ADAPTIVE,YOLO,SELL,1.00,1295.00,2.00,44302812.16,LOSS,44202808.32,58,"SALDO (-) Pérdida debitada por Binomo: Diff=-100003.83999999613 COP"
1789088530069,2026-09-10T20:02:10,AUTO_ADAPTIVE,YOLO,SELL,1.00,1189.00,2.00,44202808.32,LOSS,44102809.60,72,"SALDO (-) Pérdida debitada por Binomo: Diff=-99998.71999999881 COP"
1789088883385,2026-09-10T20:08:03,AUTO_ADAPTIVE,YOLO,SELL,1.00,1377.00,2.00,44102809.60,WIN,44184811.52,63,"SALDO (+) Ganancia acreditada por Binomo: Diff=+82001.92000000179 COP"
1789088999367,2026-09-10T20:09:59,AUTO_ADAPTIVE,YOLO,SELL,1.00,1485.50,1.00,44184811.52,LOSS,44084807.68,62,"SALDO (-) Pérdida debitada por Binomo: Diff=-100003.84000000358 COP"
1789090439177,2026-09-10T20:33:59,AUTO_ADAPTIVE,YOLO,BUY,1.00,1645.00,1.00,44266808.32,LOSS,44166809.60,62,"SALDO (-) Pérdida debitada por Binomo: Diff=-99998.71999999881 COP"
